district,crop,year,season,area_ha,production_tonnes,productivity_kg_ha,source
Alappuzha,rice,2002-03,punja,23700,73248,3090,"Kerala Agri Dept Compendium 2023, Table 5.1.1 & Table 4.5"
Alappuzha,rice,2002-03,virippu,3500,10815,3090,"Kerala Agri Dept Compendium 2023, Table 5.1.1"
Alappuzha,rice,2002-03,mundakan,2435,7498,3090,"Kerala Agri Dept Compendium 2023, Table 5.1.1"
Alappuzha,rice,2003-04,punja,25600,50278,1964,"Kerala Agri Dept Compendium 2023, Table 5.1.1"
Alappuzha,rice,2003-04,virippu,3800,7463,1964,"Kerala Agri Dept Compendium 2023, Table 5.1.1"
Alappuzha,rice,2003-04,mundakan,2683,5267,1964,"Kerala Agri Dept Compendium 2023, Table 5.1.1"
Alappuzha,rice,2004-05,punja,25700,62734,2441,"Kerala Agri Dept Compendium 2023, Table 5.1.1"
Alappuzha,rice,2004-05,virippu,3900,9520,2441,"Kerala Agri Dept Compendium 2023, Table 5.1.1"
Alappuzha,rice,2004-05,mundakan,2558,6237,2441,"Kerala Agri Dept Compendium 2023, Table 5.1.1"
Alappuzha,rice,2005-06,punja,23000,57362,2494,"Kerala Agri Dept Compendium 2023, Table 5.1.1"
Alappuzha,rice,2005-06,virippu,3200,7981,2494,"Kerala Agri Dept Compendium 2023, Table 5.1.1"
Alappuzha,rice,2005-06,mundakan,2568,6405,2494,"Kerala Agri Dept Compendium 2023, Table 5.1.1"
Alappuzha,rice,2006-07,punja,24800,71994,2903,"Kerala Agri Dept Compendium 2023, Table 5.1.1"
Alappuzha,rice,2006-07,virippu,3500,10161,2903,"Kerala Agri Dept Compendium 2023, Table 5.1.1"
Alappuzha,rice,2006-07,mundakan,2760,8005,2903,"Kerala Agri Dept Compendium 2023, Table 5.1.1"
Alappuzha,rice,2007-08,punja,26600,49689,1868,"Kerala Agri Dept Compendium 2023, Table 5.1.1"
Alappuzha,rice,2007-08,virippu,3800,7098,1868,"Kerala Agri Dept Compendium 2023, Table 5.1.1"
Alappuzha,rice,2007-08,mundakan,2935,5483,1868,"Kerala Agri Dept Compendium 2023, Table 5.1.1"
Alappuzha,rice,2008-09,punja,27300,83374,3054,"Kerala Agri Dept Compendium 2023, Table 5.1.1"
Alappuzha,rice,2008-09,virippu,4000,12216,3054,"Kerala Agri Dept Compendium 2023, Table 5.1.1"
Alappuzha,rice,2008-09,mundakan,2843,8690,3054,"Kerala Agri Dept Compendium 2023, Table 5.1.1"
Alappuzha,rice,2009-10,punja,26700,78231,2930,"Kerala Agri Dept Compendium 2023, Table 5.1.1"
Alappuzha,rice,2009-10,virippu,3900,11427,2930,"Kerala Agri Dept Compendium 2023, Table 5.1.1"
Alappuzha,rice,2009-10,mundakan,2840,8318,2930,"Kerala Agri Dept Compendium 2023, Table 5.1.1"
Alappuzha,rice,2010-11,punja,29600,72934,2464,"Kerala Agri Dept Compendium 2023, Table 5.1.1"
Alappuzha,rice,2010-11,virippu,4200,10349,2464,"Kerala Agri Dept Compendium 2023, Table 5.1.1"
Alappuzha,rice,2010-11,mundakan,3260,8042,2464,"Kerala Agri Dept Compendium 2023, Table 5.1.1"
Alappuzha,rice,2011-12,punja,29000,89581,3089,"Kerala Agri Dept Compendium 2023, Table 5.1.1"
Alappuzha,rice,2011-12,virippu,4100,12665,3089,"Kerala Agri Dept Compendium 2023, Table 5.1.1"
Alappuzha,rice,2011-12,mundakan,3151,9733,3089,"Kerala Agri Dept Compendium 2023, Table 5.1.1"
Alappuzha,rice,2012-13,punja,28900,83521,2890,"Kerala Agri Dept Compendium 2023, Table 5.1.1"
Alappuzha,rice,2012-13,virippu,4100,11849,2890,"Kerala Agri Dept Compendium 2023, Table 5.1.1"
Alappuzha,rice,2012-13,mundakan,3195,9223,2890,"Kerala Agri Dept Compendium 2023, Table 5.1.1"
Alappuzha,rice,2013-14,punja,29900,85424,2857,"Kerala Agri Dept Compendium 2023, Table 5.1.1"
Alappuzha,rice,2013-14,virippu,4300,12285,2857,"Kerala Agri Dept Compendium 2023, Table 5.1.1"
Alappuzha,rice,2013-14,mundakan,3203,9157,2857,"Kerala Agri Dept Compendium 2023, Table 5.1.1"
Alappuzha,rice,2014-15,punja,27500,82390,2996,"Kerala Agri Dept Compendium 2023, Table 5.1.1"
Alappuzha,rice,2014-15,virippu,4000,11984,2996,"Kerala Agri Dept Compendium 2023, Table 5.1.1"
Alappuzha,rice,2014-15,mundakan,2915,8721,2996,"Kerala Agri Dept Compendium 2023, Table 5.1.1"
Alappuzha,rice,2015-16,punja,25300,71245,2816,"Kerala Agri Dept Compendium 2023, Table 5.1.1"
Alappuzha,rice,2015-16,virippu,3800,10701,2816,"Kerala Agri Dept Compendium 2023, Table 5.1.1"
Alappuzha,rice,2015-16,mundakan,2624,7389,2816,"Kerala Agri Dept Compendium 2023, Table 5.1.1"
Alappuzha,rice,2016-17,punja,26000,82082,3157,"Kerala Agri Dept Compendium 2023, Table 5.1.1"
Alappuzha,rice,2016-17,virippu,3700,11681,3157,"Kerala Agri Dept Compendium 2023, Table 5.1.1"
Alappuzha,rice,2016-17,mundakan,2753,8676,3157,"Kerala Agri Dept Compendium 2023, Table 5.1.1"
Alappuzha,rice,2017-18,punja,32300,93961,2909,"Kerala Agri Dept Compendium 2023, Table 5.1.1"
Alappuzha,rice,2017-18,virippu,4500,13090,2909,"Kerala Agri Dept Compendium 2023, Table 5.1.1"
Alappuzha,rice,2017-18,mundakan,3593,10452,2909,"Kerala Agri Dept Compendium 2023, Table 5.1.1"
Alappuzha,rice,2018-19,punja,33800,102848,3329,"Kerala Agri Dept Compendium 2023, Table 5.1.1"
Alappuzha,rice,2018-19,virippu,4800,14592,3329,"Kerala Agri Dept Compendium 2023, Table 5.1.1"
Alappuzha,rice,2018-19,mundakan,3673,11120,3329,"Kerala Agri Dept Compendium 2023, Table 5.1.1"
Alappuzha,rice,2019-20,punja,32200,90053,3158,"Kerala Agri Dept Compendium 2023, Table 5.1.1"
Alappuzha,rice,2019-20,virippu,4600,12866,3158,"Kerala Agri Dept Compendium 2023, Table 5.1.1"
Alappuzha,rice,2019-20,mundakan,3538,9673,3158,"Kerala Agri Dept Compendium 2023, Table 5.1.1"
Alappuzha,rice,2020-21,punja,32200,83674,2890,"Kerala Agri Dept Compendium 2023, Table 5.1.1"
Alappuzha,rice,2020-21,virippu,4600,11953,2890,"Kerala Agri Dept Compendium 2023, Table 5.1.1"
Alappuzha,rice,2020-21,mundakan,3544,8966,2890,"Kerala Agri Dept Compendium 2023, Table 5.1.1"
Alappuzha,rice,2021-22,punja,31500,94500,3000,Kerala Agri Dept EARAS 2022
Alappuzha,rice,2021-22,virippu,4500,13500,3000,Kerala Agri Dept EARAS 2022
Alappuzha,rice,2021-22,mundakan,3450,10350,3000,Kerala Agri Dept EARAS 2022
Alappuzha,rice,2022-23,punja,31100,96050,3087,Kerala Agri Dept EARAS 2023
Alappuzha,rice,2022-23,virippu,4400,13580,3087,Kerala Agri Dept EARAS 2023
Alappuzha,rice,2022-23,mundakan,3441,10583,3087,Kerala Agri Dept EARAS 2023
Kottayam,rice,2016-17,punja,13700,38223,2790,"Kerala Agri Dept Compendium 2023, Table 5.1.1"
Kottayam,rice,2016-17,virippu,2100,5859,2790,"Kerala Agri Dept Compendium 2023, Table 5.1.1"
Kottayam,rice,2016-17,mundakan,1416,3948,2790,"Kerala Agri Dept Compendium 2023, Table 5.1.1"
Kottayam,rice,2017-18,punja,13900,39490,2841,"Kerala Agri Dept Compendium 2023, Table 5.1.1"
Kottayam,rice,2017-18,virippu,2200,6250,2841,"Kerala Agri Dept Compendium 2023, Table 5.1.1"
Kottayam,rice,2017-18,mundakan,1370,3769,2841,"Kerala Agri Dept Compendium 2023, Table 5.1.1"
Kottayam,rice,2018-19,punja,17700,49436,2793,"Kerala Agri Dept Compendium 2023, Table 5.1.1"
Kottayam,rice,2018-19,virippu,2700,7541,2793,"Kerala Agri Dept Compendium 2023, Table 5.1.1"
Kottayam,rice,2018-19,mundakan,1822,4940,2793,"Kerala Agri Dept Compendium 2023, Table 5.1.1"
Kottayam,rice,2019-20,punja,14900,39808,2840,"Kerala Agri Dept Compendium 2023, Table 5.1.1"
Kottayam,rice,2019-20,virippu,2300,6532,2840,"Kerala Agri Dept Compendium 2023, Table 5.1.1"
Kottayam,rice,2019-20,mundakan,1540,3711,2840,"Kerala Agri Dept Compendium 2023, Table 5.1.1"
Kottayam,rice,2020-21,punja,15700,40663,2904,"Kerala Agri Dept Compendium 2023, Table 5.1.1"
Kottayam,rice,2020-21,virippu,2400,6970,2904,"Kerala Agri Dept Compendium 2023, Table 5.1.1"
Kottayam,rice,2020-21,mundakan,1590,3386,2904,"Kerala Agri Dept Compendium 2023, Table 5.1.1"
Kottayam,rice,2021-22,punja,15000,43500,2900,Kerala Agri Dept EARAS 2022
Kottayam,rice,2021-22,virippu,2300,6670,2900,Kerala Agri Dept EARAS 2022
Kottayam,rice,2021-22,mundakan,1500,4350,2900,Kerala Agri Dept EARAS 2022
Kottayam,rice,2022-23,punja,15200,45600,3000,Kerala Agri Dept EARAS 2023
Kottayam,rice,2022-23,virippu,2350,7050,3000,Kerala Agri Dept EARAS 2023
Kottayam,rice,2022-23,mundakan,1550,4650,3000,Kerala Agri Dept EARAS 2023
